Country,value,lines
United Kingdom,7664042.134,417931
EIRE,265766.37,7173
Netherlands,264933.84,2201
Germany,205488.49,8197
France,192732.14,7634
Australia,137488.46,1150
Spain,59398.62,2339
Switzerland,55762.68,1909
Belgium,37968.7,1842
Sweden,34295.53,423
Japan,29711.3,256
Norway,29592.62,851
Portugal,28434.89,1275
Singapore,21279.29,222
Finland,20420.52,655
Channel Islands,19878.61,725
Denmark,17504.94,349
Italy,16471.29,710
Hong Kong,15483.0,280
Cyprus,11915.78,521
Austria,9238.28,383
Israel,8129.41,292
Poland,7086.49,322
Unspecified,4740.94,442
Greece,4079.53,109
Canada,3666.38,151
Iceland,3373.39,140
Malta,2725.59,112
USA,2695.15,147
United Arab Emirates,1902.28,68
Lebanon,1693.88,45
European Community,1300.25,60
Brazil,1143.6,32
RSA,1002.3100000000001,57
Czech Republic,826.74,25
Bahrain,548.4,17
Saudi Arabia,145.92,9
